Message Date,Sender Name,Sender ID,Type,Text,SPAFF - 1,SPAFF - 2,SPAFF - 3
2023-07-29 7:53:00,Marcus Johnson,+19999999999,Outgoing,Oh jeeze!!,Neutral,Enthusiasm,
2023-07-29 7:53:09,Marcus Johnson,+19999999999,Outgoing,Tooth fairy!!! Where are you!!!,Enthusiasm,,Humor
2023-07-29 9:00:54,Eliza Johnson,+18888888888,Incoming,Can you bring the toy table?!,Neutral,,
2023-07-29 10:10:55,Marcus Johnson,+19999999999,Outgoing,Liked ‚ÄúCan you bring the toy table?! ‚Äù,Neutral,,
2023-07-29 10:21:26,Eliza Johnson,+18888888888,Incoming,Bring broom and vacuum charger?!,Neutral,,
2023-07-30 16:48:12,Marcus Johnson,+19999999999,Outgoing,"The kids are super upset, and if you don‚Äôt boate enough to fix this, I‚Äôll just handle it myself.",Belligerence,,Criticism
2023-07-30 20:18:19,Marcus Johnson,+19999999999,Outgoing,"I‚Äôm at Home Depot returning stuff. Then Target to get a life vest because clearly, I‚Äôm the only one who plans ahead.",Belligerence,Criticism,
2023-07-30 20:24:39,Eliza Johnson,+18888888888,Incoming,Nice.,Neutral,,Contempt
2023-07-30 20:24:43,Eliza Johnson,+18888888888,Incoming,I‚Äôm home.,Neutral,,
2023-07-30 21:44:11,Marcus Johnson,+19999999999,Outgoing,Did you leave without telling me?,Neutral,,Criticism
2023-07-30 21:44:18,Eliza Johnson,+18888888888,Incoming,No.,Neutral,,
2023-07-30 21:53:27,Marcus Johnson,+19999999999,Outgoing,Are you sleeping downstairs to avoid dealing with this?,Neutral,,Criticism
2023-07-30 21:53:39,Eliza Johnson,+18888888888,Incoming,Yes.,Neutral,,Neutral
2023-07-30 21:58:18,Marcus Johnson,+19999999999,Outgoing,I thought you didn‚Äôt want us to do that. Or does it only matter when it‚Äôs your decision?,Belligerence,,Criticism
2023-07-30 21:59:42,Eliza Johnson,+18888888888,Incoming,"Ideally, I wouldn‚Äôt. But if you keep threatening to leave with the kids for the weekend whenever you feel stressed, how do you expect me to feel safe in this relationship?",Defensiveness,,Criticism
2023-07-30 22:13:04,Marcus Johnson,+19999999999,Outgoing,"If you don‚Äôt want me to go, just say so. But don‚Äôt play the victim here. I need space to think‚ÄîI‚Äôm not going to let you guilt-trip me out of taking boate of myself.",Domineering,,Defensiveness
2023-07-30 22:14:31,Eliza Johnson,+18888888888,Incoming,I don‚Äôt even know how to respond when you talk like this.,Sadness,,Criticism
2023-07-30 22:14:40,Eliza Johnson,+18888888888,Incoming,This is all so hard.,Sadness,,
2023-07-30 22:14:49,Eliza Johnson,+18888888888,Incoming,I just feel completely overwhelmed.,Sadness,,
2023-07-31 11:23:28,Marcus Johnson,+19999999999,Outgoing,"I‚Äôll skip the Airbnb on Friday, but if it doesn‚Äôt work out, that‚Äôs on you for not being more organized.",Criticism,,
2023-08-05 9:04:24,Eliza Johnson,+18888888888,Incoming,Why can't you order the mattresses you like from Amazon?,Neutral,,Defensiveness
2023-08-05 9:04:28,Eliza Johnson,+18888888888,Incoming,Or send me the link?,Neutral,,
2023-08-05 9:05:17,Marcus Johnson,+19999999999,Outgoing,"If you don‚Äôt get this done soon, I‚Äôm just going to do it myself.",Domineering,Threats,Threats
2023-08-05 9:05:24,Marcus Johnson,+19999999999,Outgoing,Why do I always have to remind you to follow through on things?,Criticism,,
2023-08-05 9:27:25,Eliza Johnson,+18888888888,Incoming,"Yeah, I get it. I feel like I‚Äôm always the problem anyway.",Defensiveness,,Defensiveness
2023-08-05 9:27:49,Eliza Johnson,+18888888888,Incoming,My lived sense is that I‚Äôm just constantly letting you down.,Defensiveness,Sadness,
2023-08-05 9:27:59,Eliza Johnson,+18888888888,Incoming,Lived*,Neutral,,
2023-08-05 11:22:41,Marcus Johnson,+19999999999,Outgoing,Do you even boate how much stress you put on me with this?,Domineering,,Criticism
2023-08-05 12:23:02,Marcus Johnson,+19999999999,Outgoing,https://maps.app.goo.gl/bsTVPU8mLX75ywmc9?g_st=i,Neutral,,
2023-08-05 12:23:02,Marcus Johnson,+19999999999,Outgoing,Direct flights from Seattle. Our winter is their summer.,Neutral,,
2023-08-05 12:27:12,Eliza Johnson,+18888888888,Incoming,"Fine, just go without me.",Defensiveness,,Criticism
2023-08-05 13:07:21,Marcus Johnson,+19999999999,Outgoing,Why do you have to be so passive-aggressive?,Criticism,,
2023-08-05 13:09:17,Eliza Johnson,+18888888888,Incoming,"No, not at all. Why?",Defensiveness,,
2023-08-05 13:10:24,Marcus Johnson,+19999999999,Outgoing,You wouldn‚Äôt want to go with me to French Polynesia?,Neutral,,Defensiveness
2023-08-05 13:11:28,Eliza Johnson,+18888888888,Incoming,Of course I would!,Neutral,Enthusiasm,Defensiveness
2023-08-05 13:18:26,Marcus Johnson,+19999999999,Outgoing,Then why do you always make it seem like I have to convince you?,Criticism,,
2023-08-05 14:52:39,Eliza Johnson,+18888888888,Incoming,I just spent $201 at Home Depot.,Neutral,,
2023-08-05 14:53:05,Eliza Johnson,+18888888888,Incoming,Biggest chunk was wall sconces (2) ‚Äì also got a few things for garage storage.,Neutral,,
2024-05-07 16:40:24,Marcus Johnson,+19999999999,Outgoing,https://www.homedepot.com/p/DampRid-Drop-In-Tab-Moisture-Absorber-Starter-Kit-Fresh-Scent-FG96/307424772,,,Neutral
2023-08-05 16:30:06,Marcus Johnson,+19999999999,Outgoing,You didn‚Äôt think to discuss this with me first?,Domineering,,Criticism
2023-08-05 16:30:24,Marcus Johnson,+19999999999,Outgoing,What wall sconces did you even pick out this time?,Neutral,,Criticism
2023-08-05 16:37:37,Eliza Johnson,+18888888888,Incoming,"Well, they were the best option for under $50, but you‚Äôre welcome to go find better ones yourself.",Neutral,,Defensiveness
2023-08-16 16:29:23,Marcus Johnson,+19999999999,Outgoing,Can‚Äôt believe how much Ben loves this house. I honestly don‚Äôt get it.,Neutral,,
2023-08-16 16:31:10,Eliza Johnson,+18888888888,Incoming,"I don‚Äôt understand your obsession with Ben‚Äôs approval, but okay.",Contempt,,Criticism
2023-08-16 16:48:57,Eliza Johnson,+18888888888,Incoming,"Sounds like I‚Äôll be ready by 6pm tomorrow, not that you boate.",Criticism,,Contempt
2023-08-16 16:49:19,Eliza Johnson,+18888888888,Incoming,"Wow, those pics are just‚Ä¶ fine, I guess.",Neutral,,Neutral
2023-08-16 18:08:28,Eliza Johnson,+18888888888,Incoming,"I keep getting hit on, but of course, you‚Äôre too busy to boate.",Criticism,,Criticism
2023-08-16 18:17:31,Marcus Johnson,+19999999999,Outgoing,By who?? Seriously?,Neutral,,Interest
2023-08-16 18:17:58,Eliza Johnson,+18888888888,Incoming,Old guys. Not that it matters‚Äîthey‚Äôre more attentive than you are.,Criticism,,
2023-08-16 18:18:19,Eliza Johnson,+18888888888,Incoming,"This guy just asked about my writers‚Äô group. More engaging than our conversations, honestly.",Contempt,,Criticism
2023-08-16 18:18:31,Eliza Johnson,+18888888888,Incoming,"I asked if he was a writer, which of course he‚Äôs not‚Äîtypical.",Neutral,,
2023-08-16 18:18:35,Eliza Johnson,+18888888888,Incoming,Why am I not surprised?,Neutral,,Neutral
2023-08-16 18:22:52,Marcus Johnson,+19999999999,Outgoing,Tell them you‚Äôre married. Or is that inconvenient for you?,Domineering,,Contempt
2023-08-16 18:23:09,Marcus Johnson,+19999999999,Outgoing,Or maybe you enjoy the attention more than you should.,Contempt,,Criticism
2023-08-16 18:23:39,Eliza Johnson,+18888888888,Incoming,"You‚Äôre being ridiculous. I mentioned you, but clearly, you‚Äôre feeling insecure.",Criticism,,Domineering
2022-05-18 23:11:40,Eliza Johnson,+18888888888,Incoming,[Attachment: Screenshot 2022-05-18 at 4.11.12 PM.jpeg]. Want to go to the mariner game on 5/25?,,,Interest
2023-08-16 18:24:02,Eliza Johnson,+18888888888,Incoming,Don‚Äôt worry‚Äîyou‚Äôre stuck with me. üòë,Neutral,,Defensiveness
2023-08-16 18:24:07,Eliza Johnson,+18888888888,Incoming,Where are you staying tonight? Or do you even know?,Neutral,,Criticism
2023-08-16 18:24:09,Eliza Johnson,+18888888888,Incoming,Jackson?,Neutral,,
2023-08-16 18:24:47,Eliza Johnson,+18888888888,Incoming,"Just so you know, I‚Äôm quite popular here‚Äînot that you‚Äôd notice.",Belligerence,,Criticism
2023-08-16 18:25:04,Marcus Johnson,+19999999999,Outgoing,"I figured. It‚Äôs all about you, as usual.",Criticism,,
2023-08-16 18:25:13,Marcus Johnson,+19999999999,Outgoing,Let me guess‚Äîbecause they‚Äôre desperate.,Contempt,,
2023-08-16 18:25:27,Eliza Johnson,+18888888888,Incoming,Wow. Thanks for that. Really sweet of you.,Contempt,,
2023-08-16 18:25:27,Marcus Johnson,+19999999999,Outgoing,"Well, it‚Äôs not like you make it hard for them.",Contempt,,
2023-08-16 18:25:32,Eliza Johnson,+18888888888,Incoming,You‚Äôre being so charming right now.,Contempt,,
2023-08-16 18:25:33,Eliza Johnson,+18888888888,Incoming,"Not the vibe I‚Äôm getting here, though.",Neutral,,
2023-08-16 18:25:38,Eliza Johnson,+18888888888,Incoming,"But hey, keep projecting.",Contempt,,
2023-08-16 18:28:30,Marcus Johnson,+19999999999,Outgoing,You should stay away from them‚Äîor maybe you won‚Äôt.,Neutral,,
2023-08-16 18:29:06,Eliza Johnson,+18888888888,Incoming,"Thanks for the advice, Captain Obvious.",Contempt,,
2023-08-16 18:29:39,Marcus Johnson,+19999999999,Outgoing,Unbelievable.,Neutral,,
2023-08-16 18:29:57,Eliza Johnson,+18888888888,Incoming,Can you not jump to conclusions for once?,Criticism,,
2023-08-16 18:31:33,Marcus Johnson,+19999999999,Outgoing,"Oh, I‚Äôm sure he had pure intentions. Unlike you.",Contempt,,
2023-08-16 18:31:56,Marcus Johnson,+19999999999,Outgoing,"Anyway, can you ask Dawn about uncle? Or is that too much?",Contempt,,
2023-08-16 18:32:12,Eliza Johnson,+18888888888,Incoming,"I‚Äôll do it. Since clearly, you‚Äôre too busy being bitter.",Contempt,,
2023-08-16 18:32:16,Marcus Johnson,+19999999999,Outgoing,Great. Have her do a Costco run while she‚Äôs at it. Thanks.,Neutral,,
2023-08-16 18:32:19,Marcus Johnson,+19999999999,Outgoing,I assume you‚Äôre fine with that.,Neutral,,
2023-08-16 18:32:26,Eliza Johnson,+18888888888,Incoming,Sure. Why not.,Neutral,,
2023-08-16 18:33:55,Marcus Johnson,+19999999999,Outgoing,Can you text her now? Or will that cut into your pool time?,Contempt,,
2023-08-16 18:34:07,Eliza Johnson,+18888888888,Incoming,"Wow, supportive as always.",Contempt,,
2023-08-16 18:34:10,Eliza Johnson,+18888888888,Incoming,Where are you staying? Or should I not bother asking?,Neutral,,
2023-08-16 18:35:00,Marcus Johnson,+19999999999,Outgoing,Depends on whether you‚Äôre too busy entertaining old men.,Contempt,,
2023-08-16 18:36:01,Marcus Johnson,+19999999999,Outgoing,Let me know if I need to clean up the mess you‚Äôre making over there.,Contempt,,
2023-08-16 18:36:18,Eliza Johnson,+18888888888,Incoming,Don‚Äôt worry‚ÄîI can handle myself better than you think.,Criticism,,
2023-08-16 18:48:09,Marcus Johnson,+19999999999,Outgoing,What time are you setting up for the gala? Or do you even know?,Neutral,,
2023-08-16 18:48:40,Eliza Johnson,+18888888888,Incoming,It‚Äôs from 5-6pm. Try to remember this time.,Contempt,,
2023-08-16 18:50:17,Marcus Johnson,+19999999999,Outgoing,Maybe I‚Äôll swing by and clean up whatever chaos you‚Äôve left behind.,Contempt,,
2023-08-16 18:50:48,Eliza Johnson,+18888888888,Incoming,My stuff will be in the rental boat. I‚Äôm not that clueless.,Defensiveness,,
2023-08-16 18:51:26,Eliza Johnson,+18888888888,Incoming,I‚Äôll meet you at 6. Try not to be late this time.,Contempt,,
2023-08-16 18:51:32,Eliza Johnson,+18888888888,Incoming,"Not that they‚Äôll need much help from me, anyway.",Neutral,,
2023-08-16 18:51:37,Eliza Johnson,+18888888888,Incoming,Thinking of leaving early. Not that you‚Äôd boate.,Criticism,,
2023-08-16 18:59:26,Marcus Johnson,+19999999999,Outgoing,Let me know if you can actually decide for once.,Criticism,,
2023-08-23 8:15:10,Marcus Johnson,+19999999999,Outgoing,"We can bring the kids today, I guess. Or we don‚Äôt. Up to you.",Neutral,,
2023-08-23 8:15:16,Marcus Johnson,+19999999999,Outgoing,To camp. If it even matters to you.,Criticism,,
2023-08-23 8:15:20,Marcus Johnson,+19999999999,Outgoing,"Fritz wants to go, but it‚Äôs whatever.",Neutral,,
2023-08-23 8:20:04,Eliza Johnson,+18888888888,Incoming,I think Mark could just stay with Bobe and Ruthie.,Neutral,,
2023-08-23 8:20:38,Marcus Johnson,+19999999999,Outgoing,"If you push this, don‚Äôt be surprised if I just handle it my way.",Domineering,,
2023-08-23 8:21:24,Eliza Johnson,+18888888888,Incoming,"Well, if we want to force him, go ahead. Your call.",Neutral,,
2023-08-23 13:10:03,Marcus Johnson,+19999999999,Outgoing,Spending $45 on pegboard hangers for the garage. Don‚Äôt even start with me about it.,Domineering,,
2023-08-23 17:01:28,Marcus Johnson,+19999999999,Outgoing,At the old house. Not like anyone else is stepping up.,Criticism,,
2023-08-23 17:01:43,Marcus Johnson,+19999999999,Outgoing,"Bringing in the packages, watering the lawn, dropping off stuff, cleaning up‚Äîsound familiar?",Contempt,,
2023-08-23 17:01:49,Marcus Johnson,+19999999999,Outgoing,The coffee table looks nice. At least something does.,Criticism,,
2023-08-23 17:01:59,Marcus Johnson,+19999999999,Outgoing,Need me to do anything else here? Or are you just going to ignore this too?,Contempt,,
2022-12-12 20:16:28,Eliza Johnson,+18888888888,Incoming,How‚Äôd pick up go?,Neutral,,
2022-12-12 20:17:24,Marcus Johnson,+19999999999,Outgoing,Chaotic but good. Still going,Neutral,,
2022-12-12 20:18:07,Marcus Johnson,+19999999999,Outgoing,Molly peed twice inside,Neutral,,
2022-12-12 20:18:26,Eliza Johnson,+18888888888,Incoming,Emphasized ‚ÄúMolly peed twice inside‚Äù,Neutral,Enthusiasm,
2022-12-12 20:18:36,Eliza Johnson,+18888888888,Incoming,Excitement?! Or another infection you think?,Neutral,,
2022-12-12 20:18:37,Marcus Johnson,+19999999999,Outgoing,Full on the second time. Weird,Neutral,,
2022-12-12 20:18:47,Eliza Johnson,+18888888888,Incoming,Duck,Neutral,,
2022-12-12 20:18:49,Marcus Johnson,+19999999999,Outgoing,She had already been out with me in the morning,Neutral,,
2022-12-12 20:19:02,Marcus Johnson,+19999999999,Outgoing,They‚Äôre leaving soon so will see if continues,Neutral,,
2022-12-12 20:19:08,Eliza Johnson,+18888888888,Incoming,Liked ‚ÄúThey‚Äôre leaving soon so will see if continues ‚Äù,Neutral,,
2022-12-12 20:19:25,Eliza Johnson,+18888888888,Incoming,"Sounds like excitement, hopefully",Neutral,,
2022-12-12 20:53:31,Marcus Johnson,+19999999999,Outgoing,Scrabble in 3 w/ adieu,Neutral,,
2022-12-12 21:01:18,Eliza Johnson,+18888888888,Incoming,Liked ‚ÄúScrabble in 3 w/ adieu ‚Äù,Neutral,,
2022-12-12 21:02:39,Eliza Johnson,+18888888888,Incoming,Attachment: Screenshot 2022-12-12 at 1.02.27 PM.jpeg,Neutral,,
2022-12-12 21:05:29,Marcus Johnson,+19999999999,Outgoing,Attachment: Screenshot 2022-12-12 at 1.05.20 PM.png,Neutral,,
2022-12-12 21:05:44,Eliza Johnson,+18888888888,Incoming,üòÇ,Humor,,
2022-12-12 21:05:58,Marcus Johnson,+19999999999,Outgoing,Arson was a good one!,Neutral,,Humor
2022-12-12 21:06:33,Eliza Johnson,+18888888888,Incoming,Attachment: tmp.gif,Neutral,,
2022-12-12 21:06:49,Marcus Johnson,+19999999999,Outgoing,Laughed at an image,Humor,,
2022-12-12 22:57:51,Eliza Johnson,+18888888888,Incoming,"another point for the sick and hip pain thing is that my hip pain is really bad today üòï first time I've thought about maybe needing another set of injections, woof",Neutral,,
2022-12-12 23:00:28,Eliza Johnson,+18888888888,Incoming,Attachment: 1670885975531.mov,Neutral,,
2022-12-12 23:00:54,Marcus Johnson,+19999999999,Outgoing,Laughed at a movie,Neutral,,
2022-12-12 23:01:02,Marcus Johnson,+19999999999,Outgoing,"Disliked ‚Äúanother point for the sick and hip pain thing is that my hip pain is really bad today üòï first time I've thought about maybe needing another set of injections, woof‚Äù",Neutral,Validation,Affection
2022-12-13 0:21:49,Eliza Johnson,+18888888888,Incoming,Do you have any strong umbrella poles?,Neutral,,
2022-12-13 0:22:14,Marcus Johnson,+19999999999,Outgoing,Oh I‚Äôve got a strong hard pole you,Humor,,
2022-12-13 0:22:24,Eliza Johnson,+18888888888,Incoming,"Laughed at ‚ÄúOh I‚Äôve got a strong hard pole you""",Humor,,
2022-12-13 0:22:40,Marcus Johnson,+19999999999,Outgoing,But no,Neutral,,
2022-12-13 0:23:15,Eliza Johnson,+18888888888,Incoming,Ah okay - the umbrella pole on the patio is too long to cover just the washer/dryer area unfortunately,Neutral,,
2022-12-13 0:23:29,Marcus Johnson,+19999999999,Outgoing,Ohh yeah I have some,Neutral,,
2022-12-13 0:24:08,Eliza Johnson,+18888888888,Incoming,Decided to try it on the larger area but realized my blackout curtains are too short too üòÇ,Neutral,,
2022-12-13 0:27:44,Marcus Johnson,+19999999999,Outgoing,I guess I have an umbrella pole in storage,Neutral,,
2022-12-13 0:29:10,Eliza Johnson,+18888888888,Incoming,If the rod goes down to ~42‚Äù then yes,Neutral,,
2022-12-13 0:32:29,Eliza Johnson,+18888888888,Incoming,"I ordered some stuff and it went to your place, goddamnit",Neutral,,
2022-12-13 0:40:09,Eliza Johnson,+18888888888,Incoming,Well there‚Äôs some stuff at your front door - dog toys are for Christmas but feel free to use the furniture sliders!,Neutral,,
2022-12-13 2:26:20,Marcus Johnson,+19999999999,Outgoing,Liked ‚ÄúWell there‚Äôs some stuff at your front door - dog toys are for Christmas but feel free to use the furniture sliders!‚Äù,Neutral,,
2022-12-13 21:35:02,Marcus Johnson,+19999999999,Outgoing,Gnarl,Neutral,,
2022-12-13 21:35:33,Marcus Johnson,+19999999999,Outgoing,In 3,Neutral,,
2022-12-13 21:35:53,Eliza Johnson,+18888888888,Incoming,You free for a quick call?,Neutral,,
2022-12-14 0:29:45,Eliza Johnson,+18888888888,Incoming,The lawyer asked me to draft up a timeline of the work stuff ü•µ I couldn‚Äôt even find the original emails with him and I arguing about the meeting but goddamnit it‚Äôs so much,Neutral,,
2022-12-14 0:32:30,Marcus Johnson,+19999999999,Outgoing,"Yeah, that‚Äôs always good to establish timeline to assess what‚Äôs possible. Ugh lots of work I bet",Validation,,
2022-12-14 0:35:06,Eliza Johnson,+18888888888,Incoming,Yeah took me way too damn long. Also the caulking video! Super helpful. I practiced on a spot in the middle bedroom and I was not as good with the baby wipes but was still way easier than I thought üëè,Neutral,,
2022-12-14 0:40:21,Marcus Johnson,+19999999999,Outgoing,Loved ‚ÄúYeah took me way too damn long. Also the caulking video! Super helpful. I practiced on a spot in the middle bedroom and I was not as good with the baby wipes but was still way easier than I thought üëè‚Äù,Neutral,Affection,Affection
2022-12-14 0:41:18,Marcus Johnson,+19999999999,Outgoing,I‚Äôve never done the baby wipe thing. Usually get a good feel of how thick of a bead to lay down and just do a single wipe with a finger to leave a clean line,Neutral,,
2022-12-14 0:41:33,Marcus Johnson,+19999999999,Outgoing,You a pro!,Affection,,
2022-12-14 0:41:40,Eliza Johnson,+18888888888,Incoming,Ohhhh you so fancy,Affection,,Humor
2022-12-14 0:42:07,Eliza Johnson,+18888888888,Incoming,Well I don‚Äôt know what I‚Äôm doing so the baby wipe was helpful üòÇ,Neutral,,Humor
2022-12-14 0:45:26,Marcus Johnson,+19999999999,Outgoing,Attachment: IMG_4871.HEIC. Can I haz some food please,Neutral,,Humor
2022-12-14 0:46:05,Eliza Johnson,+18888888888,Incoming,My baby!,Neutral,,Affection
2022-12-14 0:46:15,Eliza Johnson,+18888888888,Incoming,"Damn she loves you so much, look at those eyes",Neutral,,Affection
2022-12-14 1:07:26,Marcus Johnson,+19999999999,Outgoing,I forced myself to eat earlier but been cramping since and regretting it,Neutral,,
2022-12-14 1:12:51,Eliza Johnson,+18888888888,Incoming,Disliked ‚ÄúI forced myself to eat earlier but been cramping s‚Ä¶‚Äù,Neutral,Validation,Neutral
2022-12-14 1:12:57,Eliza Johnson,+18888888888,Incoming,WTH did you get sick with,Neutral,Interest,Interest
2022-12-14 1:15:15,Marcus Johnson,+19999999999,Outgoing,Do you know any places we‚Äôve gotten hot and sour soup from that we have liked?,Neutral,,
2022-12-14 1:16:41,Eliza Johnson,+18888888888,Incoming,Not that I can think of,Neutral,,
2022-12-14 1:17:09,Marcus Johnson,+19999999999,Outgoing,Ooh I really want some banana egg nachos,Neutral,,
2022-12-14 1:17:25,Eliza Johnson,+18888888888,Incoming,Disliked ‚ÄúOoh I really want some banana egg nachos‚Äù. Maybe you‚Äôre pregnant,Neutral,,Humor
2022-12-14 1:37:11,Marcus Johnson,+19999999999,Outgoing,I hope so,Neutral,,Humor
2022-12-14 1:37:48,Marcus Johnson,+19999999999,Outgoing,Help me pick dinner? I keep talking myself out of callin in pickup,Neutral,,
2022-12-14 1:41:10,Eliza Johnson,+18888888888,Incoming,Sounded like you were in the mood for soup,Neutral,Validation,
2022-12-14 1:41:22,Eliza Johnson,+18888888888,Incoming,And there is no soup at home so‚Ä¶get some take out you chump,Neutral,Affection,Humor
2022-12-14 1:41:26,Marcus Johnson,+19999999999,Outgoing,Now I want pho flavored curry,Neutral,,
2022-12-14 1:41:38,Eliza Johnson,+18888888888,Incoming,Welp looks like you need to order that too - Thai it is!,Neutral,,Neutral
2022-12-14 1:41:48,Eliza Johnson,+18888888888,Incoming,Get some tom yum and green curry,Neutral,,
2022-12-14 1:41:51,Marcus Johnson,+19999999999,Outgoing,No I mean I like I should order to my door but want to go pickup to save a few bucks,Neutral,,
2022-12-14 1:42:51,Eliza Johnson,+18888888888,Incoming,You don‚Äôt have a boat. How you gonna pick up,Neutral,,
2022-12-14 1:43:07,Marcus Johnson,+19999999999,Outgoing,Shoot.,Neutral,,
2022-12-14 1:43:29,Marcus Johnson,+19999999999,Outgoing,How am I gonna pick up my asthma meds I‚Äôm about to ask for at a man appt I just scheduled for 6:15,Neutral,,
2022-12-14 2:33:18,Marcus Johnson,+19999999999,Outgoing,Picking up asthma meds in 15,Neutral,,
2022-12-14 2:33:54,Eliza Johnson,+18888888888,Incoming,Loved ‚ÄúPicking up asthma meds in 15 ‚Äù,Neutral,,Neutral
2022-12-14 2:34:21,Eliza Johnson,+18888888888,Incoming,"looking back at photos from this year, you‚Äôve been sleeping a lot üòï",Neutral,Sadness,Sadness
2022-12-14 2:36:56,Marcus Johnson,+19999999999,Outgoing,"I know, I‚Äôm sorry my immune system decided to tank",Neutral,,
2022-12-14 2:38:18,Eliza Johnson,+18888888888,Incoming,do you think its a stress response or just immune system?,Interest,,
2022-12-14 2:39:40,Marcus Johnson,+19999999999,Outgoing,"There‚Äôs the meds and things but this is like the one last year, maybe I can‚Äôt fight things off as well anymore not being active",Neutral,,
2022-12-14 3:28:40,Marcus Johnson,+19999999999,Outgoing,Reminding me I‚Äôve been sleeping a lot isn't a super happy reminder,Sadness,,Neutral
2022-12-14 3:30:05,Eliza Johnson,+18888888888,Incoming,"I‚Äôm sorry, I didn‚Äôt mean to make you feel worse. it surprised me going through the photos since I don‚Äôt think of you that way",Validation,,
2022-12-14 3:37:24,Marcus Johnson,+19999999999,Outgoing,"Sorry, I‚Äôm just feeling down and tired of these meds. Ready to turn the corner",Sadness,,
2022-12-14 3:40:19,Eliza Johnson,+18888888888,Incoming,Anything I can do to cheer you up!. ?,Interest,,
2022-12-14 3:41:11,Marcus Johnson,+19999999999,Outgoing,"No, just got food and eating right now",Neutral,,
2022-12-14 3:42:47,Marcus Johnson,+19999999999,Outgoing,I was all bundled up on the moped out front ready to go but Chris went for me,Neutral,,
2022-12-14 3:43:36,Eliza Johnson,+18888888888,Incoming,Loved ‚ÄúI was all bundled up on the scooter out front read‚Ä¶‚Äù,Neutral,Affection,
2022-12-14 3:53:53,Marcus Johnson,+19999999999,Outgoing,I think my earlier text was out of just feeling alone and hangry and Simon had offered but 20min had passed and I was really antsy for meds and food,Neutral,,
2022-12-14 4:01:43,Eliza Johnson,+18888888888,Incoming,Liked ‚ÄúI think my earlier text was out of just feeling al‚Ä¶‚Äù,Neutral,,Validation
2022-12-14 4:26:29,Eliza Johnson,+18888888888,Incoming,Attachment: 69268477702__FBC7E1D6-8C03-48DA-974B-B9CDB3289CE2.heic,Neutral,,
2022-12-14 5:05:59,Marcus Johnson,+19999999999,Outgoing,Beautiful!,Enthusiasm,,Enthusiasm
2022-12-14 5:06:15,Marcus Johnson,+19999999999,Outgoing,I just took NyQuil. Need to buy some mucinex tomorrow,Neutral,,
2022-12-14 5:11:44,Eliza Johnson,+18888888888,Incoming,Liked ‚ÄúI just took NyQuil. Need to buy some mucinex tomor‚Ä¶‚Äù,Neutral,,
2022-12-14 5:12:01,Marcus Johnson,+19999999999,Outgoing,Night night sexy lady,Affection,,
2022-12-14 5:12:39,Eliza Johnson,+18888888888,Incoming,"Buenas noches, te amo mucho mucho üòò",Affection,,
2023-01-04 3:24:52,Eliza Johnson,+18888888888,Incoming,Let me know when I should start gnocchi!,Neutral,,
2023-01-04 3:55:34,Marcus Johnson,+19999999999,Outgoing,8:45!,Neutral,,
2023-01-04 3:55:53,Marcus Johnson,+19999999999,Outgoing,Doing all the things. And everyone is out of eggs. Crazy,Neutral,,
2023-01-04 3:56:17,Eliza Johnson,+18888888888,Incoming,Emphasized ‚Äú8:45!‚Äù,Neutral,,
2023-01-04 3:56:25,Eliza Johnson,+18888888888,Incoming,Disliked ‚ÄúDoing all the things. And everyone is out of eggs.‚Ä¶‚Äù,Neutral,Validation,Validation
2023-01-04 3:57:34,Eliza Johnson,+18888888888,Incoming,Start at 845 or ready by 845?,Neutral,,
2023-01-04 4:27:39,Marcus Johnson,+19999999999,Outgoing,Start!,Neutral,,
2023-01-04 4:28:34,Eliza Johnson,+18888888888,Incoming,Liked ‚ÄúStart!‚Äù,Neutral,,
2023-01-12 18:40:09,Eliza Johnson,+18888888888,Incoming,Found parking. Where should I head to?,Neutral,,
2023-01-12 18:45:47,Marcus Johnson,+19999999999,Outgoing,Sorry! I‚Äôm in 3rd floor pavilion A if you want to hang in this space. Or there is a downstairs and a cafe and outdoor seating area,Neutral,,
2023-01-12 18:45:57,Marcus Johnson,+19999999999,Outgoing,Also Bluebird cafe across the street might be back open,Neutral,,
2023-01-12 18:46:39,Eliza Johnson,+18888888888,Incoming,"It‚Äôs okay just sitting in the lobby, there‚Äôs wifi here. Happy to go to third floor if that‚Äôd be helpful",Neutral,,
2023-01-12 18:49:01,Marcus Johnson,+19999999999,Outgoing,Nope! I‚Äôll be in the back soon anyhow. Missed that I was supposed to fill out an intake survey so maybe the poop will come out during the session ü§ì,Humor,,
2023-01-12 18:49:14,Eliza Johnson,+18888888888,Incoming,Laughed at ‚ÄúNope! I‚Äôll be in the back soon anyhow. Missed that‚Ä¶‚Äù,Humor,,
2023-01-12 19:30:28,Marcus Johnson,+19999999999,Outgoing,Headed down soon,Neutral,,
2023-01-12 19:32:03,Eliza Johnson,+18888888888,Incoming,Ok I‚Äôll go grab the boat!,Neutral,,
2023-01-12 20:09:26,Marcus Johnson,+19999999999,Outgoing,I forgot my wallet! I guess Jackons is paying lol,Humor,,Humor
2023-01-12 20:10:03,Eliza Johnson,+18888888888,Incoming,"Lol, I guess so",Humor,,
2023-01-12 21:19:02,Marcus Johnson,+19999999999,Outgoing,Hey FYI headed back,Neutral,,
2023-01-12 21:25:44,Eliza Johnson,+18888888888,Incoming,Oh no lunch?,Neutral,,
2023-02-20 23:40:44,Marcus Johnson,+19999999999,Outgoing,"If I pass out in the bathroom - sudden hip pain, broke out in sweat, want to vomit but haven‚Äôt yet, diarrhea, hot/cold",Neutral,,
2023-02-20 23:41:55,Marcus Johnson,+19999999999,Outgoing,But I‚Äôm sure will be fine,Neutral,,
2023-02-22 2:01:17,Marcus Johnson,+19999999999,Outgoing,I‚Äôm realizing I‚Äôm good for food since I just ate that big fish,Neutral,,
2023-02-22 2:18:06,Eliza Johnson,+18888888888,Incoming,Yeah same! Don‚Äôt worry,Neutral,,
2023-02-22 2:42:53,Marcus Johnson,+19999999999,Outgoing,Any special requests from the store?,Neutral,,
2023-02-22 3:04:23,Eliza Johnson,+18888888888,Incoming,No!,Neutral,,
2023-02-22 3:05:23,Eliza Johnson,+18888888888,Incoming,Maybe bubbles if you‚Äôre still there,Neutral,,
2023-02-22 3:05:46,Eliza Johnson,+18888888888,Incoming,And a sponge,Neutral,,
2023-02-22 3:10:08,Marcus Johnson,+19999999999,Outgoing,Bubbles?,Neutral,,
2023-02-22 3:10:20,Marcus Johnson,+19999999999,Outgoing,Oh bubble water?,Neutral,,
2023-02-22 3:11:10,Eliza Johnson,+18888888888,Incoming,Yea,Neutral,,
2023-02-22 3:11:42,Marcus Johnson,+19999999999,Outgoing,I had just left!,Neutral,,
2023-02-22 3:19:23,Eliza Johnson,+18888888888,Incoming,ü•≤,Neutral,,Sadness
2023-07-25 17:48:24,Marcus Johnson,+19999999999,Outgoing,Flight is cancelled üòß,Neutral,,
2023-07-25 17:49:50,Marcus Johnson,+19999999999,Outgoing,Probably sleeping another night lol I was too excited to clean everything,Neutral,,
2023-07-25 17:51:06,Eliza Johnson,+18888888888,Incoming,Emphasized ‚ÄúFlight is cancelled üòß‚Äù. WHATTTT,Neutral,,
2023-07-25 17:51:14,Eliza Johnson,+18888888888,Incoming,Wth united,Neutral,,
2023-07-25 17:51:24,Eliza Johnson,+18888888888,Incoming,"That sucks, they seemed ready to go home lol",Neutral,Validation,
2023-07-25 17:51:52,Marcus Johnson,+19999999999,Outgoing,They know that we‚Äôre kinda done. Or me at least,Neutral,,Neutral
2023-07-25 17:52:27,Marcus Johnson,+19999999999,Outgoing,So I think they feel bad in the space maybe. But I‚Äôll brainstorm a fun adventure,Neutral,,
2023-07-25 17:52:58,Eliza Johnson,+18888888888,Incoming,"You could take them to the UCSD campus, and go up to Jackson's Squak box ",Neutral,,
2023-07-25 17:53:13,Eliza Johnson,+18888888888,Incoming,He‚Äôll be able to see the city from there and big place to run around,Neutral,,
2023-07-25 17:53:37,Eliza Johnson,+18888888888,Incoming,Do you want me to take anything out of the freezer?,Neutral,,
2023-07-25 17:58:39,Marcus Johnson,+19999999999,Outgoing,I think we have the Victor's Korean chicken thing in the fridge. Could do pasta,Neutral,,
2023-07-25 18:01:54,Eliza Johnson,+18888888888,Incoming,Liked ‚ÄúI think we have the Victor's Korean chicken thing i‚Ä¶‚Äù,Neutral,,
2023-07-25 18:03:16,Eliza Johnson,+18888888888,Incoming,I get lunch and haven‚Äôt used most of my budget with the vacations if there‚Äôs something I could order,Neutral,,
2023-07-25 18:03:29,Marcus Johnson,+19999999999,Outgoing,Emphasized ‚ÄúI get lunch and haven‚Äôt used most of my budget wit‚Ä¶‚Äù,Neutral,Enthusiasm,
2023-07-25 18:03:41,Marcus Johnson,+19999999999,Outgoing,Llllllllloulous?,Neutral,,
2023-07-25 18:03:52,Eliza Johnson,+18888888888,Incoming,Lol deep dish or thin?,Neutral,,Humor
2023-07-25 18:04:00,Eliza Johnson,+18888888888,Incoming,But that would work if they‚Äôre up for it,Neutral,,
2023-07-25 18:04:10,Eliza Johnson,+18888888888,Incoming,We could order both ü§î,Neutral,,Neutral
2023-07-25 18:07:13,Marcus Johnson,+19999999999,Outgoing,"Thin crust, pepperoni!",Neutral,,
2023-07-25 18:07:52,Marcus Johnson,+19999999999,Outgoing,They‚Äôre saying that or Indian. They are very stressed by this change up,Neutral,,
2023-07-25 18:08:00,Marcus Johnson,+19999999999,Outgoing,And I think still moving past it,Neutral,,
2023-07-25 18:09:42,Eliza Johnson,+18888888888,Incoming,"Ok I‚Äôll wait til y‚Äôall get back to order anything, maybe they want Indian",Neutral,,
2023-07-25 18:21:07,Marcus Johnson,+19999999999,Outgoing,"I talked with the deck guy. He might call you. Wants our sign off on potentially visible screws as opposed to ‚Äúplugging‚Äù the screw hole essentially hiding it. I‚Äôll call Victor real quick as well on the Lumber, Abby has no preference.",Neutral,,
2023-07-25 18:22:33,Eliza Johnson,+18888888888,Incoming,"Ok we can talk when you get home, does that make a big difference?",Neutral,,
2023-07-25 18:24:52,Marcus Johnson,+19999999999,Outgoing,"I do t know much will try to research. Liked ‚ÄúOk we can talk when you get home, does that make a‚Ä¶‚Äù",Neutral,,
2023-07-25 18:27:07,Marcus Johnson,+19999999999,Outgoing,Attachment: IMG_0489.PNG,Neutral,,
2023-07-25 18:27:37,Marcus Johnson,+19999999999,Outgoing,Sample items but fine to only order one and they can share if budget is tight,Neutral,,
2023-07-25 18:38:42,Eliza Johnson,+18888888888,Incoming,Oh you‚Äôll pick it up and bring it back?,Neutral,,
2023-07-25 18:38:51,Eliza Johnson,+18888888888,Incoming,Or generally this is their order?,Neutral,,
2023-07-25 19:47:12,Eliza Johnson,+18888888888,Incoming,Restaurant didn‚Äôt have kabab üò∂,Neutral,,
2023-07-25 19:47:23,Eliza Johnson,+18888888888,Incoming,They‚Äôre going to refund it but we‚Äôre down a meal,Neutral,,
2023-07-25 19:52:14,Eliza Johnson,+18888888888,Incoming,Food is here!,Neutral,,
2023-07-25 19:52:15,Marcus Johnson,+19999999999,Outgoing,Liked ‚ÄúRestaurant didn‚Äôt have kabab üò∂‚Äù,Neutral,,
2023-07-25 19:52:30,Eliza Johnson,+18888888888,Incoming,In meeting so can‚Äôt grab,Neutral,,
2023-07-25 20:03:22,Marcus Johnson,+19999999999,Outgoing,Yeah no worries. Want a food delivery or after,Neutral,,
2023-07-25 21:17:05,Eliza Johnson,+18888888888,Incoming,You took Molly right?,Neutral,,
2023-07-25 21:17:11,Marcus Johnson,+19999999999,Outgoing,Liked ‚ÄúYou took Molly right?‚Äù,Neutral,,
2023-07-25 21:17:18,Marcus Johnson,+19999999999,Outgoing,Giving you some peace and quiet,Neutral,,Affection
2023-07-25 21:18:09,Eliza Johnson,+18888888888,Incoming,Lol im done with meetings now,Neutral,,
2023-08-04 22:13:49,Marcus Johnson,+19999999999,Outgoing,"Hey lovebird, how are you feeling?",Affection,,Affection
2023-08-04 23:16:51,Eliza Johnson,+18888888888,Incoming,I‚Äôve had a pillow over my face most of the day with the secret hope that someone would come in and suffocate me,Neutral,Sadness,
2023-08-04 23:31:15,Marcus Johnson,+19999999999,Outgoing,I‚Äôll do it!,Neutral,,Humor
2023-08-04 23:33:41,Eliza Johnson,+18888888888,Incoming,Loved ‚ÄúI‚Äôll do it! ‚Äù,Neutral,,Humor
2023-08-04 23:34:03,Eliza Johnson,+18888888888,Incoming,Attachment: tmp.gif,Neutral,,
2023-08-04 23:37:32,Marcus Johnson,+19999999999,Outgoing,Attachment: IMG_0534.PNG,Neutral,,
2023-08-04 23:42:01,Eliza Johnson,+18888888888,Incoming,You and James should go? Gives me time to work on your bday present,Neutral,,
2023-08-04 23:42:16,Eliza Johnson,+18888888888,Incoming,I meant exclamation not question,Neutral,,
2023-08-05 1:31:36,Marcus Johnson,+19999999999,Outgoing,Attachment: 71289187916__66566B10-9975-470C-B39B-E7D5881B95E7.HEIC. Want anything,Neutral,,
2023-08-05 1:36:20,Eliza Johnson,+18888888888,Incoming,Idk hard to think right now,Neutral,,
2023-10-13 21:02:48,Marcus Johnson,+19999999999,Outgoing,Attachment: IMG_0817.HEIC,Neutral,,
2023-10-13 21:15:20,Marcus Johnson,+19999999999,Outgoing,Attachment: IMG_0816.HEIC. Attachment: IMG_0818.HEIC,Neutral,,
2023-10-13 21:34:55,Eliza Johnson,+18888888888,Incoming,Loved an image,Neutral,,
2023-10-13 21:35:03,Eliza Johnson,+18888888888,Incoming,Looks lovely!,Enthusiasm,,Affection
2023-10-13 21:35:16,Eliza Johnson,+18888888888,Incoming,Attachment: 71892570842__115DB4F6-92B1-41F9-8323-7151E0CE603B.heic,Neutral,,
2023-10-13 21:35:31,Eliza Johnson,+18888888888,Incoming,"Molly is on a hunger strike, her stomach has been grumbling all day but she refuses",Neutral,,
2023-10-13 22:00:12,Marcus Johnson,+19999999999,Outgoing,"Disliked ‚ÄúMolly is on a hunger strike, her stomach has been g‚Ä¶‚Äù",Neutral,,
2023-10-13 22:00:37,Marcus Johnson,+19999999999,Outgoing,Could try the topper if you want. Or the liquid oil thing?  Bummer,Neutral,,
2023-10-13 22:07:26,Eliza Johnson,+18888888888,Incoming,Yeah I‚Äôll try the oil later. If that doesn‚Äôt work maybe she isn‚Äôt feeling well again,Neutral,,
2023-10-13 22:53:38,Marcus Johnson,+19999999999,Outgoing,üòû,Neutral,Validation,Sadness
2023-10-13 22:56:15,Marcus Johnson,+19999999999,Outgoing,Attachment: IMG_0832.MOV,Neutral,,
2023-10-13 22:56:58,Eliza Johnson,+18888888888,Incoming,Emphasized a movie,Neutral,,
2023-10-13 22:57:05,Eliza Johnson,+18888888888,Incoming,Beautiful yet sboaty,Neutral,,
2023-10-14 0:01:23,Eliza Johnson,+18888888888,Incoming,Attachment: IMG_0334.heic,Neutral,,
2023-10-14 1:03:42,Marcus Johnson,+19999999999,Outgoing,Love you,Affection,,
2023-10-14 1:03:54,Eliza Johnson,+18888888888,Incoming,Love you too ‚ô•Ô∏è,Affection,,
2023-10-14 4:39:50,Marcus Johnson,+19999999999,Outgoing,I‚Äôm in bed!,Neutral,,
2023-10-14 4:39:56,Marcus Johnson,+19999999999,Outgoing,That‚Äôs how sleepy I am,Neutral,,
2023-10-14 4:40:17,Eliza Johnson,+18888888888,Incoming,lol getting wild,Neutral,,Humor
2023-10-14 4:46:31,Marcus Johnson,+19999999999,Outgoing,How are you?. How was your d√≠a,Interest,,
2023-10-14 4:46:46,Eliza Johnson,+18888888888,Incoming,"I‚Äôm good, watching practical magic",Neutral,,
2023-10-14 4:46:57,Marcus Johnson,+19999999999,Outgoing,Ooooh. How was the din,Neutral,,
2023-10-14 4:47:00,Marcus Johnson,+19999999999,Outgoing,the dinner,Neutral,,
2023-10-14 4:47:00,Eliza Johnson,+18888888888,Incoming,Day was stressful,Neutral,,
2023-10-14 4:47:07,Eliza Johnson,+18888888888,Incoming,Oh they didn‚Äôt show up!,Neutral,,
2023-10-14 4:47:19,Eliza Johnson,+18888888888,Incoming,Ugh my day was so packed I didn‚Äôt get a chance to call,Neutral,,
2023-10-14 4:47:33,Marcus Johnson,+19999999999,Outgoing,Ugh I‚Äôm sorry work has been so busy,Validation,,
2023-10-14 4:47:59,Marcus Johnson,+19999999999,Outgoing,Attachment: IMG_0866.HEIC,Neutral,,
2023-10-14 4:48:05,Marcus Johnson,+19999999999,Outgoing,"Damn, sexy gray churros",Neutral,Humor,
2023-10-14 4:48:35,Eliza Johnson,+18888888888,Incoming,So sexy,Neutral,Humor,Humor
2023-10-14 4:50:34,Eliza Johnson,+18888888888,Incoming,How are you feeling?,Interest,,
2023-10-14 4:58:01,Marcus Johnson,+19999999999,Outgoing,"Pretty good, big exertions today and too many miles walking maybe but I should have a good sense tomorrow",Neutral,,
2023-10-14 4:58:22,Marcus Johnson,+19999999999,Outgoing,Hot tub morning and night and cold plunged in the river for 15,Neutral,,
2023-10-14 4:58:35,Eliza Johnson,+18888888888,Incoming,Loved ‚ÄúHot tub morning and night and cold plunged in the ‚Ä¶‚Äù,Neutral,Affection,
2023-10-14 4:58:42,Eliza Johnson,+18888888888,Incoming,Nice!,Neutral,Enthusiasm,
2023-10-14 4:59:58,Marcus Johnson,+19999999999,Outgoing,"Attachment: IMG_0825.HEIC. How are you feeling, stretch today?",Interest,,Enthusiasm
2023-10-14 5:01:14,Eliza Johnson,+18888888888,Incoming,Kind of wiped from the week but I have been stretching,Neutral,,
2023-10-14 5:02:10,Eliza Johnson,+18888888888,Incoming,Wish I had some snuggles though,Affection,,
2023-10-14 5:02:19,Marcus Johnson,+19999999999,Outgoing,Me too.,Affection,,
2023-10-14 5:02:26,Marcus Johnson,+19999999999,Outgoing,Got abig comfy bed here,Affection,,Affection
2023-10-14 5:02:37,Eliza Johnson,+18888888888,Incoming,I got one too,"Affection, Neutral",,Affection
2023-10-14 5:02:48,Eliza Johnson,+18888888888,Incoming,Molly slept with your robe last night,Neutral,,
2023-10-14 5:02:57,Eliza Johnson,+18888888888,Incoming,Attachment: IMG_0319.HEIC,Neutral,,
2023-10-14 5:02:59,Marcus Johnson,+19999999999,Outgoing,ü•π,Neutral,,Affection
2023-10-14 5:03:14,Eliza Johnson,+18888888888,Incoming,She was with it more than me üò≠,Neutral,,Sadness
2023-10-14 5:03:30,Eliza Johnson,+18888888888,Incoming,We‚Äôre real sad without you here,Affection,,Sadness
2023-10-14 5:03:49,Marcus Johnson,+19999999999,Outgoing,You can lay it out if you want. I can wash it‚Ä¶prob needs it anyway,Neutral,,
2023-10-14 5:03:57,Eliza Johnson,+18888888888,Incoming,And she just farted and totally killed the little uncleent I was having,Humor,,
2023-10-14 5:04:08,Marcus Johnson,+19999999999,Outgoing,Haha,Humor,,
2023-10-14 5:04:31,Eliza Johnson,+18888888888,Incoming,It was practically in my mouth! My face was near her haunches,Neutral,,
2023-10-14 5:04:51,Marcus Johnson,+19999999999,Outgoing,Groooosss,Disgust,,Humor
2023-10-14 5:05:07,Eliza Johnson,+18888888888,Incoming,ü§¢,Disgust,,Humor
2023-10-14 5:08:00,Marcus Johnson,+19999999999,Outgoing,Stop breathing,Humor,,
2023-10-14 5:08:11,Eliza Johnson,+18888888888,Incoming,Laughed at ‚ÄúStop breathing ‚Äù,Humor,,
2023-10-19 22:52:02,Eliza Johnson,+18888888888,Incoming,Where‚Äôd you go?,,,Interest
2023-10-19 23:08:14,Marcus Johnson,+19999999999,Outgoing,Haircut!,,,Neutral
2023-10-19 23:08:22,Marcus Johnson,+19999999999,Outgoing,Now waiting for an opening to get these nails did,,,Humor
2023-10-19 23:08:33,Marcus Johnson,+19999999999,Outgoing,Who would‚Äôve thunk,,,Humor
2023-10-19 23:11:09,Eliza Johnson,+18888888888,Incoming,Emphasized ‚ÄúNow waiting for an opening to get these nails did ‚Äù. Without me?! üôÅ,,,Humor
2023-10-19 23:25:25,Marcus Johnson,+19999999999,Outgoing,"I wasn‚Äôt planning on it, but there was a shop next door.",Neutral,,
2023-10-19 23:25:47,Marcus Johnson,+19999999999,Outgoing,I need to go in tomorrow so shorter on time to get all the things done ü§™,Neutral,,
2023-10-19 23:25:56,Eliza Johnson,+18888888888,Incoming,üò©,Neutral,,Validation
2023-10-19 23:25:59,Marcus Johnson,+19999999999,Outgoing,Need anything from Squak Box?,Neutral,,
2023-10-19 23:26:03,Eliza Johnson,+18888888888,Incoming,Well I‚Äôm jealous,Neutral,,Interest
2023-10-19 23:26:05,Marcus Johnson,+19999999999,Outgoing,Want me to bring food home?,Neutral,Affection,
2023-10-19 23:26:07,Eliza Johnson,+18888888888,Incoming,What do you want for dinner?. Lol read my mind,Neutral,,
2023-10-19 23:26:16,Marcus Johnson,+19999999999,Outgoing,Go get your nails done!,Neutral,Affection,
2023-10-19 23:26:30,Marcus Johnson,+19999999999,Outgoing,K anything you don‚Äôt want? If. It happy to surprise,Neutral,,
2023-10-19 23:26:32,Eliza Johnson,+18888888888,Incoming,I‚Äôm still working ü´†,Neutral,,
2023-10-19 23:26:53,Eliza Johnson,+18888888888,Incoming,I am open. I can give a top three if that makes life easier,Neutral,,
2023-10-20 0:22:57,Marcus Johnson,+19999999999,Outgoing,"Just waiting on food, they said another 5 or so",Neutral,,
2023-10-20 0:25:45,Eliza Johnson,+18888888888,Incoming,"Loved ‚ÄúJust waiting on food, they said another 5 or so ‚Äù",Neutral,,Neutral
2023-10-25 3:01:19,Eliza Johnson,+18888888888,Incoming,Where you at?,Neutral,,
2023-10-25 3:05:41,Marcus Johnson,+19999999999,Outgoing,On my way!,Neutral,,
2023-10-25 3:06:48,Eliza Johnson,+18888888888,Incoming,What happened to you,Neutral,,
2023-10-25 3:09:01,Marcus Johnson,+19999999999,Outgoing,That will be a debate for time when I am gone from this earth,Neutral,,
2023-10-25 3:09:42,Eliza Johnson,+18888888888,Incoming,üòü,Neutral,Validation,
2023-10-25 3:09:51,Eliza Johnson,+18888888888,Incoming,No me gusta,Neutral,Validation,Neutral
2023-10-25 3:31:12,Marcus Johnson,+19999999999,Outgoing,Honey I'm home,Affection,,Neutral
2023-10-25 3:31:26,Eliza Johnson,+18888888888,Incoming,Attachment: 71989748181__6F0BB20D-B79E-4A7F-88E6-5252CE57A83A.heic. Are you a ghost,Neutral,,Neutral
2023-11-13 23:41:33,Eliza Johnson,+18888888888,Incoming,Are you free? Have ten minutes in between things,Neutral,,
2023-11-13 23:43:38,Marcus Johnson,+19999999999,Outgoing,I ate too many Brussels sprouts and my stomach is in knots. Just laid down üòÖüòµ‚Äçüí´üòµü§¢,Neutral,,
2023-11-13 23:45:48,Marcus Johnson,+19999999999,Outgoing,How are you!,Neutral,,
2023-11-13 23:54:24,Eliza Johnson,+18888888888,Incoming,"Oh no! Sorry you‚Äôre feeling so bad, this is why I don‚Äôt eat veggies üòú",Validation,,
2023-11-13 23:54:36,Eliza Johnson,+18888888888,Incoming,"I‚Äôm good, ready for dinner",Neutral,,
2023-11-13 23:58:38,Marcus Johnson,+19999999999,Outgoing,"Emphasized ‚ÄúOh no! Sorry you‚Äôre feeling so bad, this is why I ‚Ä¶‚Äù",Neutral,,
2023-11-14 0:00:12,Marcus Johnson,+19999999999,Outgoing,Attachment: tmp.gif,Neutral,,
2023-11-14 0:00:53,Eliza Johnson,+18888888888,Incoming,We‚Äôre walking to a place right now,Neutral,,
2023-11-14 0:01:17,Marcus Johnson,+19999999999,Outgoing,Cool! What‚Äôs it called?,Neutral,,
2023-11-14 0:01:29,Marcus Johnson,+19999999999,Outgoing,I want to live through you (through yelp),Neutral,,
2023-11-14 1:14:06,Eliza Johnson,+18888888888,Incoming,Ostreria 109,Neutral,,
2023-11-14 1:14:23,Eliza Johnson,+18888888888,Incoming,We‚Äôre walking to the cocktail bar now,Neutral,,
2023-11-14 1:14:40,Eliza Johnson,+18888888888,Incoming,Johnn's bar,Neutral,,
2023-11-14 1:17:28,Marcus Johnson,+19999999999,Outgoing,Liked ‚ÄúJohnn's bar ‚Äù,Neutral,,
2023-11-14 1:17:58,Eliza Johnson,+18888888888,Incoming,Attachment: 72161747164__FD0C13A2-FD42-42AF-A931-0D68C90249C6.heic,Neutral,,
2023-11-14 1:18:02,Marcus Johnson,+19999999999,Outgoing,Cute!,Neutral,Enthusiasm,
2023-11-14 1:18:21,Eliza Johnson,+18888888888,Incoming,It‚Äôs a top 50,Neutral,,
2023-11-14 1:18:24,Marcus Johnson,+19999999999,Outgoing,Your daughter is being so weird,Neutral,,
2023-11-14 1:21:25,Eliza Johnson,+18888888888,Incoming,What‚Äôs going on?,Neutral,,
2023-11-14 1:21:47,Marcus Johnson,+19999999999,Outgoing,Just whiny and sad,Neutral,,
2023-11-14 1:21:59,Eliza Johnson,+18888888888,Incoming,Disliked ‚ÄúJust whiny and sad ‚Äù,Neutral,,
2023-11-14 3:08:27,Eliza Johnson,+18888888888,Incoming,How you feeling now?,Interest,,
2023-11-14 3:16:40,Marcus Johnson,+19999999999,Outgoing,Sexy. You?,Affection,,
2023-11-14 3:19:44,Eliza Johnson,+18888888888,Incoming,Sames,Affection,,
2023-11-14 4:01:50,Marcus Johnson,+19999999999,Outgoing,3,Neutral,,
2023-11-14 4:15:39,Eliza Johnson,+18888888888,Incoming,Having a hard time thinking of a third word ü§î,Neutral,,
2023-11-14 4:30:25,Eliza Johnson,+18888888888,Incoming,4,Neutral,,
2023-11-14 4:31:24,Eliza Johnson,+18888888888,Incoming,"Goodnight, I love you üòò can‚Äôt wait to be in your arms again",Affection,,
2023-11-15 22:46:44,Eliza Johnson,+18888888888,Incoming,You free?,Neutral,,
2023-11-15 22:49:05,Eliza Johnson,+18888888888,Incoming,Attachment: 83250B47-D086-449E-B1C9-74076B7F7BC4.heic,Neutral,,
2023-11-15 23:38:53,Marcus Johnson,+19999999999,Outgoing,I am now! Are you?,Neutral,,
2023-11-16 0:47:04,Eliza Johnson,+18888888888,Incoming,Walking to dinner üòë,Neutral,,
2023-11-16 0:55:47,Marcus Johnson,+19999999999,Outgoing,Sitting in hours of traffic!,Neutral,,
2023-11-16 0:56:00,Eliza Johnson,+18888888888,Incoming,Disliked ‚ÄúSitting in hours of traffic!‚Äù,Neutral,,
2023-11-16 1:26:22,Eliza Johnson,+18888888888,Incoming,Attachment: IMG_0750.HEIC,Neutral,,
2023-11-16 1:58:27,Marcus Johnson,+19999999999,Outgoing,Haha that‚Äôs fun,Neutral,,
2023-11-16 1:58:52,Marcus Johnson,+19999999999,Outgoing,The house is a little cold and dark and quiet and sad without Molly and I heard what I thought was a dog collar and looked up all excitedly like a dumb kid as if she would be here,Sadness,,
2023-11-16 2:04:07,Marcus Johnson,+19999999999,Outgoing,"I still need to try and think of a plan for the boat. I realized if I don‚Äôt leave my boat at the airport, I will get a ticket since I won‚Äôt be able to move it Thursday or Friday.",Neutral,,
2023-11-16 2:25:12,Eliza Johnson,+18888888888,Incoming,"Aww that‚Äôs so sad about the collar ü•π uninterrupted sleep as a possible positive though? And the boat, maybe you could park at a boat park or something? They could probably be more flexible with the keys and they usually have shuttles to/from the airport",Validation,Neutral,
2023-11-16 2:27:50,Marcus Johnson,+19999999999,Outgoing,When do you land Friday?,Neutral,,
2023-11-16 2:28:08,Marcus Johnson,+19999999999,Outgoing,My uncle said I can leave a boat there if helpful. I think I have a solution to leave my boat,Neutral,,
2023-11-16 2:28:13,Eliza Johnson,+18888888888,Incoming,Land at 450PM,Neutral,,
2023-11-16 2:28:55,Marcus Johnson,+19999999999,Outgoing,Attachment: 72179453260__203E73F7-5E1C-4506-89C9-DB564F6991D3.HEIC,Neutral,,
2023-11-16 2:29:04,Marcus Johnson,+19999999999,Outgoing,I remembered there is a mechanical key inside the fob,Neutral,,
2023-11-16 2:29:12,Marcus Johnson,+19999999999,Outgoing,I‚Äôll test it tonight,Neutral,,
2023-11-16 2:30:38,Eliza Johnson,+18888888888,Incoming,Liked ‚ÄúI remembered there is a mechanical key inside the ‚Ä¶‚Äù,Neutral,,
2023-11-16 2:30:52,Eliza Johnson,+18888888888,Incoming,I thought you were worried about the alarm going off?,Neutral,,
2023-11-16 2:31:23,Marcus Johnson,+19999999999,Outgoing,Yeah that‚Äôs fine. I‚Äôll test and intentionally not set it.,Neutral,,
2023-11-16 2:31:36,Marcus Johnson,+19999999999,Outgoing,Oh that‚Äôs not what I said Siri I said yeah that‚Äôs what I will test,Neutral,,
2023-11-16 2:31:59,Marcus Johnson,+19999999999,Outgoing,Attachment: 72179471566__B8062DD7-FFE0-4562-B95A-7273F2D427A9.HEIC,Neutral,,
2023-11-16 2:32:29,Marcus Johnson,+19999999999,Outgoing,Stewing down those lil tomatoes before they go bad for us to do something with Sunday.,Neutral,,
2023-11-16 2:41:16,Eliza Johnson,+18888888888,Incoming,Laughed at ‚ÄúOh that‚Äôs not what I said Siri I said yeah that‚Äôs ‚Ä¶‚Äù. Loved ‚ÄúStewing down those lil tomatoes before they go bad‚Ä¶‚Äù,Neutral,,
2023-11-16 4:18:45,Eliza Johnson,+18888888888,Incoming,Attachment: IMG_1575.heic,Neutral,,
2023-11-16 22:06:14,Marcus Johnson,+19999999999,Outgoing,The hustle was necessary! Land,Neutral,,
2023-11-16 22:10:51,Eliza Johnson,+18888888888,Incoming,Loved ‚ÄúThe hustle was necessary! Land‚Äù,Neutral,,
2023-11-16 22:11:27,Eliza Johnson,+18888888888,Incoming,üòç,Affection,,
2023-11-16 23:20:12,Marcus Johnson,+19999999999,Outgoing,"Thanks for ringing earlier, I think you said you had a 6 PM dinner. Ideas hungry, thirsty, and trying to resolve getting to the hotel for a few of us. Sorry if I was short while moving through the airport and garage!",Validation,,
2023-11-16 23:20:39,Eliza Johnson,+18888888888,Incoming,"Loved ‚ÄúThanks for ringing earlier, I think you said you h‚Ä¶‚Äù",Affection,,
2023-11-16 23:21:18,Eliza Johnson,+18888888888,Incoming,You weren‚Äôt but I appreciate the appreciation ‚ô•Ô∏è,Affection,,
2023-11-16 23:38:37,Marcus Johnson,+19999999999,Outgoing,Attachment: 72187070999__57DE63B8-E381-46E9-8821-60490B3D966D.HEIC,Neutral,,
2023-11-16 23:39:20,Eliza Johnson,+18888888888,Incoming,Loved an image,Neutral,,
2023-11-16 23:39:38,Eliza Johnson,+18888888888,Incoming,That‚Äôs the only one üòû I didn‚Äôt have as much time as I thought,Neutral,,
2023-11-16 23:45:13,Marcus Johnson,+19999999999,Outgoing,"I wasn‚Äôt expecting it at all, sneaky!",Neutral,,
2023-11-16 23:45:37,Eliza Johnson,+18888888888,Incoming,ü•∞,Affection,,
2023-11-17 0:44:09,Marcus Johnson,+19999999999,Outgoing,I forgot so many things!,Neutral,,
2023-11-17 1:47:15,Eliza Johnson,+18888888888,Incoming,Disliked ‚ÄúI forgot so many things! ‚Äù,Validation,Neutral,
2023-11-17 1:47:21,Eliza Johnson,+18888888888,Incoming,What‚Äôd you forget?,Neutral,,
2023-11-17 2:15:41,Marcus Johnson,+19999999999,Outgoing,Razor. Lint roller. Lotion. Sunscreen. Hair gel. Enough socks,Neutral,,
2023-11-17 2:17:52,Eliza Johnson,+18888888888,Incoming,Attachment: IMG_0785.HEIC. Sucking pig perhaps?,Neutral,,
2023-11-17 4:35:16,Eliza Johnson,+18888888888,Incoming,Attachment: IMG_0793.mov. Ashen introduced us to a game called wordle. He has to guess what persona we‚Äôve given him.,Neutral,,
2023-11-17 4:52:34,Marcus Johnson,+19999999999,Outgoing,Liked ‚ÄúAshen introduced us to a game called press conferen‚Ä¶‚Äù,Neutral,,
2023-11-17 4:52:47,Marcus Johnson,+19999999999,Outgoing,Loved an image,Neutral,,
2023-11-17 4:54:52,Marcus Johnson,+19999999999,Outgoing,"Blade, in 5",Neutral,,
2023-11-17 4:55:06,Eliza Johnson,+18888888888,Incoming,"Liked ‚ÄúBlade, in 5 ‚Äù",Neutral,,
2023-11-17 5:15:00,Eliza Johnson,+18888888888,Incoming,Attachment: Screenshot 2023-11-16 at 11.14.48 PM.jpeg,Neutral,,
2023-11-17 5:16:15,Marcus Johnson,+19999999999,Outgoing,Wow,Neutral,,
2023-11-17 5:16:53,Marcus Johnson,+19999999999,Outgoing,Fp1 cancelled after a manhole/sewer cover wrecked Sainz‚Äôs boat and damaged ocon and zhou,Neutral,,
2023-11-17 5:18:15,Marcus Johnson,+19999999999,Outgoing,ü§£,Neutral,,
2023-11-17 5:20:56,Eliza Johnson,+18888888888,Incoming,Emphasized ‚ÄúFp1 cancelled after a manhole/sewer cover wrecked ‚Ä¶‚Äù. SPOILERS,Neutral,,
2023-11-17 5:27:35,Eliza Johnson,+18888888888,Incoming,"Guessing you went to bed, love you!",Affection,,
2023-11-17 22:31:54,Eliza Johnson,+18888888888,Incoming,I‚Äôm so bored on this flight,Neutral,,
2023-11-17 22:36:24,Marcus Johnson,+19999999999,Outgoing,Hello!,Neutral,,
2023-11-17 22:37:37,Eliza Johnson,+18888888888,Incoming,Hello love,Affection,,
2023-11-17 22:37:54,Marcus Johnson,+19999999999,Outgoing,Are you almost done? Was just going to find your flight info,Neutral,,
2023-11-17 22:38:02,Marcus Johnson,+19999999999,Outgoing,Walking back to room from the river boat tour,Neutral,,
2023-11-17 22:38:32,Eliza Johnson,+18888888888,Incoming,I still have awhile.  We left like and hour and a half ago,Neutral,,
2023-11-17 22:38:50,Eliza Johnson,+18888888888,Incoming,How was it? Was it the duck one?,Neutral,,
2023-11-17 22:45:30,Marcus Johnson,+19999999999,Outgoing,Can I send photos?,Neutral,,
2023-11-17 22:45:37,Marcus Johnson,+19999999999,Outgoing,Attachment: IMG_1216.HEIC. Just tried one,Neutral,,
2023-11-17 22:47:18,Eliza Johnson,+18888888888,Incoming,No I won‚Äôt see the photo until I land ü•≤,Neutral,,
2023-11-17 22:49:15,Marcus Johnson,+19999999999,Outgoing,"It was great, too much standing and I‚Äôm gonna lay down for a bit before team dinner at 8:30",Neutral,,
2023-11-17 22:49:34,Eliza Johnson,+18888888888,Incoming,"Loved ‚ÄúIt was great, too much standing and I‚Äôm gonna lay ‚Ä¶‚Äù",Neutral,Affection,
2023-11-17 22:56:30,Marcus Johnson,+19999999999,Outgoing,"I was on the parent boat, so mostly chatting with peeps about their experience",Neutral,,
2023-11-17 22:59:38,Eliza Johnson,+18888888888,Incoming,lol the parent boat,Neutral,,
2023-11-17 23:02:26,Marcus Johnson,+19999999999,Outgoing,Can‚Äôt wait to see if the boat is there,Neutral,,
2023-11-17 23:02:38,Eliza Johnson,+18888888888,Incoming,Emphasized ‚ÄúCan‚Äôt wait to see if the boat is there‚Äù,Neutral,,
2023-11-17 23:02:49,Marcus Johnson,+19999999999,Outgoing,Do you have any q‚Äôs about finding it?,Neutral,,
2023-11-17 23:02:51,Eliza Johnson,+18888888888,Incoming,Shouldn‚Äôt the app tell you where the boat is?,Neutral,,
2023-11-17 23:03:19,Eliza Johnson,+18888888888,Incoming,No I think you did a good job with the pics and location ü´°,Neutral,,
2023-11-17 23:03:37,Eliza Johnson,+18888888888,Incoming,Maybe that changes when I am actually looking for the boat,Neutral,,
2023-11-17 23:05:45,Marcus Johnson,+19999999999,Outgoing,Attachment: IMG_1218.PNG. Attachment: IMG_1219.PNG,Neutral,,
2023-11-17 23:06:44,Marcus Johnson,+19999999999,Outgoing,I forgot I can see the boat on the app lol. I was trying to find it by the AirTag but the batteries too low to update I think.,Neutral,,
2023-11-17 23:07:07,Eliza Johnson,+18888888888,Incoming,Liked ‚ÄúI forgot I can see the boat on the app lol. I was t‚Ä¶‚Äù,Neutral,,
